"Date","Price","Open","High","Low","Vol.","Change %"
"11/19/2022","5.572","5.550","5.597","5.544","377.13K","-0.85%"
"11/18/2022","5.620","5.709","5.760","5.609","6.84M","-1.40%"
"11/17/2022","5.699","5.680","5.720","5.566","212.09K","0.34%"
"11/16/2022","5.680","5.911","6.000","5.604","3.96M","-4.04%"
"11/15/2022","5.919","5.857","6.042","5.801","3.64M","1.01%"
"11/14/2022","5.860","5.730","5.880","5.450","6.27M","2.26%"
"11/13/2022","5.730","5.764","5.950","5.611","342.78K","-0.68%"
"11/12/2022","5.770","5.734","5.861","5.570","3.88M","0.25%"
"11/11/2022","5.755","5.952","5.976","5.500","11.78M","-3.55%"
"11/10/2022","5.967","5.406","6.163","5.350","15.34M","10.34%"
"11/09/2022","5.408","6.306","6.378","5.346","36.21M","-14.17%"
"11/08/2022","6.301","7.119","7.197","5.898","19.11M","-11.39%"
"11/07/2022","7.110","6.820","7.420","6.660","9.93M","4.31%"
"11/06/2022","6.816","7.023","7.140","6.788","446.83K","-3.03%"
"11/05/2022","7.030","7.050","7.241","6.950","7.90M","-0.30%"
"11/04/2022","7.050","6.411","7.100","6.392","10.33M","9.99%"
"11/03/2022","6.410","6.250","6.530","6.230","11.17M","2.56%"
"11/02/2022","6.250","6.460","6.524","6.170","366.65K","-3.25%"
"11/01/2022","6.460","6.628","6.709","6.459","3.88M","-2.53%"
"10/31/2022","6.628","6.647","6.829","6.574","411.88K","-0.47%"
"10/30/2022","6.659","6.640","6.741","6.520","4.53M","0.36%"
"10/29/2022","6.636","6.520","6.760","6.500","329.08K","1.93%"
"10/28/2022","6.510","6.328","6.580","6.268","5.07M","2.88%"
"10/27/2022","6.328","6.461","6.640","6.288","307.43K","-2.05%"
"10/26/2022","6.461","6.440","6.600","6.420","6.82M","0.32%"
"10/25/2022","6.440","5.920","6.611","5.890","826.52K","8.79%"
"10/24/2022","5.920","5.964","5.990","5.810","4.00M","-0.68%"
"10/23/2022","5.960","5.845","5.980","5.761","3.05M","2.00%"
"10/22/2022","5.844","5.835","5.873","5.776","9.13M","0.22%"
"10/21/2022","5.831","5.885","5.900","5.740","7.35M","-0.95%"
"10/20/2022","5.886","6.100","6.150","5.828","298.18K","-3.52%"
"10/19/2022","6.101","6.160","6.250","6.070","162.66K","-0.86%"
"10/18/2022","6.155","6.246","6.293","6.074","183.31K","-1.46%"
"10/17/2022","6.246","6.184","6.282","6.131","348.86K","1.00%"
"10/16/2022","6.184","6.048","6.240","6.048","111.98K","2.25%"
"10/15/2022","6.048","6.045","6.100","6.024","132.07K","0.11%"
"10/14/2022","6.041","6.115","6.267","6.010","50.58M","-1.14%"
"10/13/2022","6.110","6.180","6.180","5.679","8.02M","-0.96%"
"10/12/2022","6.170","6.178","6.250","6.134","89.26K","0.00%"
"10/11/2022","6.170","6.259","6.259","6.122","3.44M","-1.42%"
"10/10/2022","6.259","6.477","6.543","6.240","4.08M","-3.36%"
"10/09/2022","6.477","6.310","6.494","6.285","153.58K","2.65%"
"10/08/2022","6.310","6.332","6.392","6.270","1.58M","-0.32%"
"10/07/2022","6.330","6.339","6.391","6.260","3.16M","-0.15%"
"10/06/2022","6.339","6.436","6.520","6.324","296.78K","-1.49%"
"10/05/2022","6.435","6.492","6.505","6.276","494.86K","-0.84%"
"10/04/2022","6.490","6.360","6.531","6.345","4.46M","2.04%"
"10/03/2022","6.360","6.150","6.400","6.094","10.24M","3.42%"
"10/02/2022","6.150","6.271","6.330","6.133","201.44K","-1.91%"
"10/01/2022","6.270","6.322","6.332","6.220","3.59M","-0.79%"
"09/30/2022","6.320","6.437","6.568","6.221","8.36M","-1.86%"
"09/29/2022","6.440","6.388","6.483","6.266","5.78M","0.85%"
"09/28/2022","6.386","6.372","6.469","6.180","327.65K","0.30%"
"09/27/2022","6.367","6.554","6.799","6.250","22.17M","-2.94%"
"09/26/2022","6.560","6.200","6.571","6.170","8.85M","5.79%"
"09/25/2022","6.201","6.267","6.366","6.091","203.33K","-1.11%"
"09/24/2022","6.270","6.432","6.504","6.240","4.19M","-2.64%"
"09/23/2022","6.440","6.444","6.640","6.193","9.29M","-0.06%"
"09/22/2022","6.444","6.131","6.515","6.087","193.02K","5.11%"
"09/21/2022","6.130","6.285","6.560","5.970","10.34M","-2.53%"
"09/20/2022","6.290","6.380","6.420","6.180","5.84M","-1.50%"
"09/19/2022","6.386","6.440","6.560","6.120","497.03K","-0.85%"
"09/18/2022","6.440","7.060","7.060","6.343","8.21M","-8.81%"
"09/17/2022","7.063","6.902","7.155","6.902","265.83K","2.32%"
"09/16/2022","6.903","6.930","6.971","6.720","477.31K","-0.40%"
"09/15/2022","6.930","7.204","7.233","6.880","280.15K","-3.75%"
"09/14/2022","7.200","7.066","7.298","7.035","6.11M","1.98%"
"09/13/2022","7.060","7.666","7.943","7.040","9.92M","-7.83%"
"09/12/2022","7.660","7.690","8.049","7.570","9.29M","-0.39%"
"09/11/2022","7.690","7.780","7.892","7.560","4.73M","-1.16%"
"09/10/2022","7.780","7.760","7.874","7.602","225.01K","0.39%"
"09/09/2022","7.750","7.381","7.935","7.364","10.00M","5.01%"
"09/08/2022","7.381","7.190","7.450","7.060","6.55M","2.64%"
"09/07/2022","7.190","6.874","7.290","6.770","6.14M","4.66%"
"09/06/2022","6.870","7.370","7.690","6.820","8.60M","-6.75%"
"09/05/2022","7.367","7.367","7.633","7.268","253.02K","0.00%"
"09/04/2022","7.367","7.287","7.398","7.160","123.93K","1.11%"
"09/03/2022","7.287","7.298","7.310","7.179","94.98K","-0.05%"
"09/02/2022","7.290","7.180","7.564","7.128","6.16M","1.50%"
"09/01/2022","7.183","7.034","7.207","6.867","206.14K","2.12%"
"08/31/2022","7.034","7.000","7.289","6.981","295.63K","0.41%"
"08/30/2022","7.004","7.273","7.374","6.887","273.52K","-3.70%"
"08/29/2022","7.273","6.856","7.307","6.790","327.31K","6.09%"
"08/28/2022","6.856","7.040","7.150","6.818","141.31K","-2.74%"
"08/27/2022","7.049","6.929","7.100","6.805","4.71M","1.83%"
"08/26/2022","6.922","7.580","7.680","6.867","466.16K","-8.73%"
"08/25/2022","7.585","7.560","7.760","7.462","220.79K","0.27%"
"08/24/2022","7.564","7.638","7.772","7.424","193.32K","-0.97%"
"08/23/2022","7.638","7.405","7.707","7.192","318.96K","3.15%"
"08/22/2022","7.405","7.434","7.446","7.000","277.20K","-0.47%"
"08/21/2022","7.440","7.221","7.530","7.171","3.20M","3.03%"
"08/20/2022","7.221","7.329","7.520","7.040","4.99M","-1.25%"
"08/19/2022","7.313","8.080","8.092","7.250","9.09M","-9.50%"
"08/18/2022","8.080","8.368","8.570","8.056","4.87M","-3.46%"
"08/17/2022","8.370","8.851","9.170","8.321","7.39M","-5.33%"
"08/16/2022","8.841","8.789","8.951","8.643","5.48M","0.68%"
"08/15/2022","8.781","8.955","9.380","8.640","7.73M","-1.90%"
"08/14/2022","8.950","9.310","9.553","8.835","6.62M","-3.77%"
"08/13/2022","9.301","9.489","9.674","9.251","5.25M","-1.90%"
"08/12/2022","9.480","9.200","9.500","9.040","6.34M","3.04%"
"08/11/2022","9.200","9.515","9.644","9.130","9.39M","-3.30%"
"08/10/2022","9.514","8.901","9.641","8.556","61.48M","6.89%"
"08/09/2022","8.901","9.270","9.440","8.670","10.18M","-3.99%"
"08/08/2022","9.270","8.650","9.382","8.640","10.98M","7.08%"
"08/07/2022","8.658","8.521","8.920","8.350","259.04K","1.60%"
"08/06/2022","8.521","8.810","8.870","8.498","201.60K","-3.28%"
"08/05/2022","8.810","8.081","8.830","8.070","536.40K","9.03%"
"08/04/2022","8.081","8.000","8.270","7.897","5.63M","1.05%"
"08/03/2022","7.997","7.937","8.439","7.690","477.40K","0.75%"
"08/02/2022","7.937","8.191","8.270","7.690","570.67K","-3.10%"
"08/01/2022","8.191","8.635","8.960","8.051","564.01K","-5.09%"
"07/31/2022","8.630","8.203","9.200","8.080","13.24M","5.12%"
"07/30/2022","8.210","8.171","8.810","8.160","11.41M","0.48%"
"07/29/2022","8.171","7.862","8.411","7.770","12.42M","3.95%"
"07/28/2022","7.860","7.681","8.064","7.468","12.79M","2.25%"
"07/27/2022","7.687","6.785","7.701","6.650","699.77K","13.29%"
"07/26/2022","6.785","6.750","6.785","6.528","614.11K","0.24%"
"07/25/2022","6.769","7.406","7.445","6.740","7.81M","-8.53%"
"07/24/2022","7.400","7.333","7.580","7.310","5.13M","0.96%"
"07/23/2022","7.330","7.288","7.490","7.099","4.95M","0.55%"
"07/22/2022","7.290","7.534","7.850","7.263","7.65M","-3.08%"
"07/21/2022","7.521","7.462","7.590","7.190","6.98M","0.82%"
"07/20/2022","7.460","7.795","8.076","7.389","13.02M","-4.24%"
"07/19/2022","7.790","7.665","8.010","7.503","15.35M","1.57%"
"07/18/2022","7.670","6.913","7.714","6.910","924.11K","11.00%"
"07/17/2022","6.910","7.178","7.320","6.889","5.46M","-4.01%"
"07/16/2022","7.199","6.799","7.219","6.560","6.90M","6.01%"
"07/15/2022","6.790","6.716","6.985","6.660","6.60M","0.92%"
"07/14/2022","6.729","6.470","6.768","6.290","6.29M","4.00%"
"07/13/2022","6.470","6.272","6.530","6.047","7.76M","3.15%"
"07/12/2022","6.272","6.523","6.618","6.259","769.05K","-3.94%"
"07/11/2022","6.529","6.850","6.900","6.510","5.43M","-4.81%"
"07/10/2022","6.859","7.250","7.260","6.770","4.83M","-5.39%"
"07/09/2022","7.250","7.028","7.351","7.028","3.78M","2.85%"
"07/08/2022","7.049","7.301","7.450","6.929","7.09M","-3.44%"
"07/07/2022","7.301","6.924","7.350","6.884","6.48M","5.45%"
"07/06/2022","6.924","6.844","6.990","6.691","378.79K","1.22%"
"07/05/2022","6.840","7.160","7.210","6.610","8.63M","-4.59%"
"07/04/2022","7.169","6.859","7.200","6.670","5.18M","4.80%"
"07/03/2022","6.841","6.817","6.980","6.602","212.95K","0.18%"
"07/02/2022","6.829","6.706","6.909","6.621","3.38M","1.35%"
"07/01/2022","6.738","7.059","7.241","6.547","8.00M","-4.55%"
"06/30/2022","7.059","7.033","7.091","6.639","357.48K","0.41%"
"06/29/2022","7.030","7.305","7.426","6.969","7.50M","-3.82%"
"06/28/2022","7.310","7.729","8.000","7.269","6.53M","-5.43%"
"06/27/2022","7.729","7.835","8.200","7.718","5.02M","-1.29%"
"06/26/2022","7.830","8.117","8.480","7.819","5.15M","-3.78%"
"06/25/2022","8.138","8.180","8.349","7.791","4.23M","-0.63%"
"06/24/2022","8.189","7.791","8.338","7.726","6.04M","5.25%"
"06/23/2022","7.781","7.380","7.819","7.362","5.22M","5.30%"
"06/22/2022","7.389","7.751","7.810","7.350","5.81M","-4.66%"
"06/21/2022","7.750","7.879","8.269","7.690","6.99M","-1.64%"
"06/20/2022","7.879","7.517","8.020","7.180","8.58M","4.65%"
"06/19/2022","7.529","7.040","7.639","6.770","8.08M","6.94%"
"06/18/2022","7.040","7.267","7.395","6.478","11.44M","-3.11%"
"06/17/2022","7.267","7.114","7.445","7.029","864.76K","2.15%"
"06/16/2022","7.114","8.490","8.535","6.966","1.11M","-16.39%"
"06/15/2022","8.508","7.355","8.728","6.834","20.59M","15.46%"
"06/14/2022","7.369","7.034","7.542","6.683","15.30M","4.68%"
"06/13/2022","7.039","7.387","7.460","6.388","20.55M","-4.70%"
"06/12/2022","7.387","8.000","8.099","7.385","707.47K","-7.99%"
"06/11/2022","8.028","8.645","8.837","7.940","7.25M","-7.27%"
"06/10/2022","8.657","9.226","9.370","8.582","52.14M","-6.30%"
"06/09/2022","9.239","9.000","9.447","8.910","5.25M","2.66%"
"06/08/2022","9.000","9.229","9.380","8.900","4.07M","-2.40%"
"06/07/2022","9.221","9.494","9.510","8.840","5.79M","-2.93%"
"06/06/2022","9.500","9.347","9.930","9.320","5.44M","1.63%"
"06/05/2022","9.347","9.420","9.549","9.259","2.87M","-0.98%"
"06/04/2022","9.440","9.370","9.559","9.137","19.84M","0.74%"
"06/03/2022","9.370","9.874","9.920","9.219","5.63M","-5.16%"
"06/02/2022","9.880","9.446","10.050","9.298","6.23M","4.45%"
"06/01/2022","9.459","10.350","10.730","9.260","11.28M","-8.62%"
"05/31/2022","10.350","10.475","10.628","9.970","9.47M","-1.15%"
"05/30/2022","10.470","9.980","10.765","9.910","9.37M","4.91%"
"05/29/2022","9.980","9.651","10.021","9.340","6.25M","3.42%"
"05/28/2022","9.650","9.103","9.780","8.950","6.41M","5.94%"
"05/27/2022","9.109","9.191","10.472","8.560","18.41M","-0.36%"
"05/26/2022","9.142","9.852","10.000","8.838","28.40M","-7.37%"
"05/25/2022","9.870","10.175","10.321","9.771","13.82M","-3.14%"
"05/24/2022","10.190","9.878","10.270","9.554","14.35M","3.15%"
"05/23/2022","9.878","10.170","10.729","9.809","10.50M","-2.87%"
"05/22/2022","10.170","9.979","10.330","9.870","4.90M","1.92%"
"05/21/2022","9.979","9.651","10.074","9.459","235.63K","3.20%"
"05/20/2022","9.669","10.031","10.240","9.440","8.75M","-3.60%"
"05/19/2022","10.030","9.461","10.385","9.220","11.01M","5.81%"
"05/18/2022","9.480","11.040","11.160","9.458","11.38M","-14.13%"
"05/17/2022","11.040","10.629","11.310","10.423","9.40M","3.96%"
"05/16/2022","10.619","11.808","11.808","10.360","10.82M","-9.86%"
"05/15/2022","11.782","11.277","11.836","10.610","675.32K","4.60%"
"05/14/2022","11.263","10.439","11.529","9.750","940.95K","7.69%"
"05/13/2022","10.459","8.680","11.750","8.560","27.74M","20.11%"
"05/12/2022","8.707","9.044","9.482","7.312","28.15M","-3.55%"
"05/11/2022","9.028","11.347","11.650","8.195","35.36M","-20.31%"
"05/10/2022","11.330","10.630","12.438","10.290","20.50M","6.87%"
"05/09/2022","10.601","13.241","13.470","10.600","20.64M","-19.99%"
"05/08/2022","13.250","13.750","13.858","13.043","7.32M","-3.64%"
"05/07/2022","13.750","14.310","14.370","13.440","4.54M","-3.92%"
"05/06/2022","14.310","14.580","14.648","13.817","7.31M","-1.85%"
"05/05/2022","14.580","16.314","16.430","14.225","633.72K","-10.59%"
"05/04/2022","16.307","14.724","16.330","14.670","25.33M","10.78%"
"05/03/2022","14.720","14.981","15.217","14.526","3.56M","-1.67%"
"05/02/2022","14.971","15.369","15.590","14.573","5.68M","-2.59%"
"05/01/2022","15.369","14.511","15.519","14.502","5.42M","5.99%"
"04/30/2022","14.501","16.177","16.430","14.219","6.40M","-10.43%"
"04/29/2022","16.190","16.989","17.070","16.001","8.33M","-4.71%"
"04/28/2022","16.990","16.950","17.405","16.760","4.50M","0.24%"
"04/27/2022","16.950","16.680","17.269","16.505","3.97M","1.65%"
"04/26/2022","16.674","18.134","18.310","16.427","274.17K","-7.94%"
"04/25/2022","18.112","18.163","18.248","17.130","5.84M","-0.28%"
"04/24/2022","18.163","18.679","19.142","18.080","42.81M","-2.67%"
"04/23/2022","18.661","18.289","19.259","18.010","3.90M","2.08%"
"04/22/2022","18.280","18.178","18.530","18.070","3.80M","0.60%"
"04/21/2022","18.171","19.089","19.661","18.061","5.03M","-4.82%"
"04/20/2022","19.090","18.890","19.501","18.559","6.17M","1.06%"
"04/19/2022","18.890","18.162","18.950","18.047","3.62M","4.04%"
"04/18/2022","18.155","17.744","18.330","17.108","135.68M","2.21%"
"04/17/2022","17.762","18.622","18.810","17.689","3.13M","-4.51%"
"04/16/2022","18.601","18.352","18.699","18.192","2.45M","1.37%"
"04/15/2022","18.350","17.926","18.409","17.800","2.76M","2.40%"
"04/14/2022","17.920","18.189","18.470","17.480","7.37M","-1.48%"
"04/13/2022","18.190","17.762","18.280","17.381","7.67M","2.42%"
"04/12/2022","17.760","17.195","18.017","17.176","5.42M","3.26%"
"04/11/2022","17.200","19.213","19.287","17.006","8.41M","-10.55%"
"04/10/2022","19.229","19.776","20.240","19.172","4.05M","-2.60%"
"04/09/2022","19.742","19.418","19.829","19.290","2.49M","1.66%"
"04/08/2022","19.420","20.414","20.562","19.189","4.89M","-4.85%"
"04/07/2022","20.410","19.848","20.640","19.500","5.50M","2.78%"
"04/06/2022","19.859","21.778","21.815","19.732","9.11M","-8.81%"
"04/05/2022","21.778","22.865","23.101","21.715","377.12K","-4.75%"
"04/04/2022","22.865","23.205","23.220","21.633","526.73K","-1.40%"
"04/03/2022","23.191","22.610","23.570","22.550","7.80M","2.73%"
"04/02/2022","22.575","22.031","23.850","22.003","499.05K","2.29%"
"04/01/2022","22.069","21.332","22.149","20.640","16.39M","3.51%"
"03/31/2022","21.321","22.406","23.049","21.101","9.15M","-4.94%"
"03/30/2022","22.429","22.450","23.000","21.720","8.26M","-0.09%"
"03/29/2022","22.450","21.974","22.950","21.877","8.10M","2.10%"
"03/28/2022","21.989","22.476","23.320","21.840","9.72M","-2.17%"
"03/27/2022","22.476","20.904","22.485","20.731","287.35K","7.48%"
"03/26/2022","20.912","20.520","21.030","20.260","37.98M","1.81%"
"03/25/2022","20.539","21.250","21.360","20.200","6.09M","-3.34%"
"03/24/2022","21.250","21.010","21.470","20.300","7.62M","1.10%"
"03/23/2022","21.019","20.209","21.100","19.804","8.76M","4.01%"
"03/22/2022","20.209","18.761","20.468","18.686","471.59K","7.72%"
"03/21/2022","18.761","18.640","19.069","18.430","4.40M","0.70%"
"03/20/2022","18.631","19.411","19.460","18.347","3.88M","-3.97%"
"03/19/2022","19.401","18.979","19.770","18.890","5.20M","2.38%"
"03/18/2022","18.950","18.762","19.190","18.140","85.77M","1.00%"
"03/17/2022","18.762","19.062","19.290","18.640","419.77K","-1.51%"
"03/16/2022","19.050","17.825","19.184","17.700","165.04M","6.96%"
"03/15/2022","17.810","17.677","18.060","17.072","71.67M","0.62%"
"03/14/2022","17.700","17.216","17.840","17.016","82.60M","2.85%"
"03/13/2022","17.210","18.119","18.390","17.140","86.26M","-5.13%"
"03/12/2022","18.140","17.703","18.710","17.694","119.22M","2.43%"
"03/11/2022","17.710","16.956","18.470","16.710","169.59M","4.36%"
"03/10/2022","16.970","17.850","17.930","16.700","86.44M","-4.93%"
"03/09/2022","17.850","16.977","18.070","16.900","101.96M","5.12%"
"03/08/2022","16.980","16.435","17.250","16.320","105.89M","3.41%"
"03/07/2022","16.420","16.970","17.130","16.030","121.60M","-3.24%"
"03/06/2022","16.970","17.309","17.564","16.528","320.23K","-2.08%"
"03/05/2022","17.330","16.777","17.789","16.211","86.93M","3.30%"
"03/04/2022","16.777","18.029","18.060","16.509","498.53K","-6.95%"
"03/03/2022","18.029","18.608","18.651","17.790","7.92M","-3.12%"
"03/02/2022","18.610","18.887","19.246","18.377","8.79M","-1.43%"
"03/01/2022","18.881","18.965","19.722","18.351","13.02M","-0.44%"
"02/28/2022","18.965","17.526","19.087","16.650","816.62K","8.48%"
"02/27/2022","17.482","18.002","18.700","17.100","10.29M","-2.83%"
"02/26/2022","17.991","17.277","18.760","17.208","11.52M","4.13%"
"02/25/2022","17.277","16.182","17.525","15.817","506.50K","6.90%"
"02/24/2022","16.162","15.960","16.700","14.058","24.63M","1.27%"
"02/23/2022","15.960","16.605","17.500","15.930","10.66M","-3.97%"
"02/22/2022","16.619","16.189","16.690","15.820","8.83M","2.71%"
"02/21/2022","16.181","16.905","17.710","16.030","11.98M","-4.31%"
"02/20/2022","16.910","17.878","17.878","16.711","7.01M","-5.28%"
"02/19/2022","17.852","17.821","18.210","17.350","3.72M","0.12%"
"02/18/2022","17.831","18.190","18.580","17.640","6.57M","-1.87%"
"02/17/2022","18.171","19.762","20.006","17.851","8.43M","-7.96%"
"02/16/2022","19.742","20.170","20.180","19.071","6.22M","-2.12%"
"02/15/2022","20.170","18.715","20.321","18.663","5.79M","7.86%"
"02/14/2022","18.701","18.756","18.931","18.030","5.42M","-0.21%"
"02/13/2022","18.741","18.820","19.274","18.391","4.97M","-0.32%"
"02/12/2022","18.801","18.972","19.431","18.287","6.91M","-1.00%"
"02/11/2022","18.991","20.502","20.731","18.562","771.19K","-7.36%"
"02/10/2022","20.500","21.963","22.430","20.500","10.53M","-6.53%"
"02/09/2022","21.932","21.648","22.221","21.060","5.65M","1.39%"
"02/08/2022","21.631","22.354","23.141","21.091","11.33M","-3.24%"
"02/07/2022","22.354","21.938","22.690","21.400","909.19K","2.10%"
"02/06/2022","21.893","21.359","21.932","20.849","5.15M","2.63%"
"02/05/2022","21.332","20.482","22.270","20.358","9.48M","4.21%"
"02/04/2022","20.471","18.921","20.492","18.750","9.61M","8.36%"
"02/03/2022","18.892","18.801","18.930","18.001","6.97M","0.64%"
"02/02/2022","18.772","19.576","20.580","18.599","9.33M","-4.11%"
"02/01/2022","19.576","19.395","19.996","19.180","545.81K","1.10%"
"01/31/2022","19.362","18.184","19.590","17.106","8.92M","6.48%"
"01/30/2022","18.184","18.719","18.993","17.802","246.44K","-2.77%"
"01/29/2022","18.701","18.340","19.012","18.080","5.30M","1.97%"
"01/28/2022","18.340","18.100","18.478","17.390","7.86M","1.33%"
"01/27/2022","18.100","18.089","18.389","17.170","9.96M","0.26%"
"01/26/2022","18.053","18.354","20.001","17.513","15.58M","-1.32%"
"01/25/2022","18.294","18.039","19.031","17.380","10.63M","1.48%"
"01/24/2022","18.027","18.845","18.845","15.870","1.35M","-4.22%"
"01/23/2022","18.821","18.260","19.180","17.740","12.21M","2.97%"
"01/22/2022","18.278","19.709","20.122","16.211","25.54M","-7.18%"
"01/21/2022","19.691","23.031","23.466","19.075","1.25M","-14.53%"
"01/20/2022","23.039","24.063","25.600","22.887","7.29M","-4.36%"
"01/19/2022","24.090","25.200","25.290","23.710","7.11M","-4.30%"
"01/18/2022","25.172","25.681","26.030","24.270","7.55M","-1.98%"
"01/17/2022","25.680","27.695","27.732","25.130","8.57M","-7.26%"
"01/16/2022","27.690","27.642","28.467","27.276","7.49M","0.22%"
"01/15/2022","27.630","27.744","28.400","26.862","5.78M","-0.36%"
"01/14/2022","27.731","25.776","27.860","25.576","9.87M","7.61%"
"01/13/2022","25.770","27.318","27.670","25.710","8.14M","-5.57%"
"01/12/2022","27.292","25.573","27.571","25.481","8.05M","6.72%"
"01/11/2022","25.573","23.719","26.010","23.522","574.97K","7.86%"
"01/10/2022","23.709","24.603","25.200","22.488","860.70K","-3.62%"
"01/09/2022","24.600","23.980","25.290","23.730","7.97M","2.58%"
"01/08/2022","23.982","24.839","25.522","23.136","727.08K","-3.42%"
"01/07/2022","24.831","26.699","26.795","24.269","15.25M","-7.17%"
"01/06/2022","26.747","26.669","27.322","25.540","12.03M","0.11%"
"01/05/2022","26.717","28.708","30.351","25.137","15.02M","-6.88%"
"01/04/2022","28.690","30.100","30.558","28.690","22.88M","-4.68%"
"01/03/2022","30.100","29.702","30.890","28.650","12.66M","1.34%"
"01/02/2022","29.702","28.582","30.592","27.830","423.75K","3.89%"
"01/01/2022","28.589","26.635","28.592","26.635","5.69M","7.34%"
"12/31/2021","26.635","27.560","28.110","26.247","763.22K","-3.35%"
"12/30/2021","27.560","26.812","28.380","26.230","8.40M","2.83%"
"12/29/2021","26.801","27.838","28.950","26.567","10.19M","-3.67%"
"12/28/2021","27.821","30.941","30.949","27.469","16.54M","-10.08%"
"12/27/2021","30.941","31.350","32.762","30.879","9.29M","-1.19%"
"12/26/2021","31.312","28.843","31.732","28.303","9.95M","8.47%"
"12/25/2021","28.867","28.130","29.101","27.970","4.43M","2.70%"
"12/24/2021","28.107","29.141","29.630","27.871","19.74M","-3.51%"
"12/23/2021","29.130","27.216","29.761","26.760","11.47M","7.02%"
"12/22/2021","27.220","25.188","28.201","25.005","11.47M","8.10%"
"12/21/2021","25.180","24.063","25.590","23.750","47.08M","4.70%"
"12/20/2021","24.051","24.801","24.990","23.297","7.76M","-2.95%"
"12/19/2021","24.781","25.516","25.840","24.670","6.04M","-2.75%"
"12/18/2021","25.482","24.700","25.710","24.243","7.94M","3.35%"
"12/17/2021","24.655","26.041","26.200","24.258","11.61M","-5.28%"
"12/16/2021","26.031","27.151","27.810","25.801","15.28M","-4.03%"
"12/15/2021","27.123","26.212","28.002","24.336","15.17M","3.60%"
"12/14/2021","26.182","25.962","26.670","25.016","11.01M","0.71%"
"12/13/2021","25.996","29.551","29.810","25.597","11.70M","-12.18%"
"12/12/2021","29.600","27.800","30.020","27.355","6.27M","6.87%"
"12/11/2021","27.696","26.372","28.150","25.836","8.66M","4.96%"
"12/10/2021","26.388","26.953","28.416","25.716","12.70M","-1.95%"
"12/09/2021","26.913","29.804","30.148","26.809","10.01M","-9.70%"
"12/08/2021","29.804","30.523","30.636","28.033","10.95M","-2.29%"
"12/07/2021","30.502","28.210","31.403","27.700","14.11M","8.18%"
"12/06/2021","28.194","28.330","28.912","24.861","17.29M","-0.48%"
"12/05/2021","28.330","29.421","29.720","26.416","1.02M","-3.83%"
"12/04/2021","29.457","33.696","33.840","26.793","26.79M","-12.58%"
"12/03/2021","33.696","35.748","36.799","32.704","10.08M","-5.82%"
"12/02/2021","35.778","36.766","36.801","35.071","6.11M","-2.70%"
"12/01/2021","36.770","37.942","38.770","36.281","7.39M","-2.94%"
"11/30/2021","37.885","37.144","39.321","35.431","10.65M","2.08%"
"11/29/2021","37.114","35.807","37.530","35.452","8.47M","3.70%"
"11/28/2021","35.791","35.179","35.811","32.233","11.34M","1.77%"
"11/27/2021","35.170","34.593","35.921","34.457","7.24M","2.09%"
"11/26/2021","34.449","39.480","39.610","33.730","18.18M","-12.64%"
"11/25/2021","39.431","38.294","40.911","38.081","7.82M","2.91%"
"11/24/2021","38.317","40.789","40.900","38.070","539.28K","-6.04%"
"11/23/2021","40.781","39.508","41.451","38.610","7.46M","3.31%"
"11/22/2021","39.474","41.992","42.120","38.831","9.36M","-6.25%"
"11/21/2021","42.107","42.079","43.562","40.651","7.08M","0.09%"
"11/20/2021","42.071","41.224","42.089","39.891","6.20M","2.05%"
"11/19/2021","41.224","39.038","42.277","38.420","9.82M","5.65%"
"11/18/2021","39.021","42.784","43.270","37.621","15.60M","-8.80%"
"11/17/2021","42.784","40.870","42.784","38.870","1.31M","4.75%"
"11/16/2021","40.842","44.778","44.778","38.185","21.45M","-8.75%"
"11/15/2021","44.761","46.416","47.451","44.539","7.00M","-3.45%"
"11/14/2021","46.361","47.083","47.770","45.040","9.56M","-1.57%"
"11/13/2021","47.099","45.915","47.529","44.890","6.41M","2.63%"
"11/12/2021","45.891","47.500","47.710","44.061","22.32M","-3.46%"
"11/11/2021","47.537","46.860","49.421","45.600","56.63M","1.44%"
"11/10/2021","46.864","50.738","52.049","42.170","1.72M","-7.63%"
"11/09/2021","50.738","53.380","53.403","50.577","762.20K","-4.87%"
"11/08/2021","53.337","52.187","53.850","51.660","8.99M","2.22%"
"11/07/2021","52.181","52.033","53.499","51.416","7.65M","0.40%"
"11/06/2021","51.974","51.835","52.381","49.002","8.73M","0.44%"
"11/05/2021","51.749","53.846","53.929","50.614","9.61M","-3.90%"
"11/04/2021","53.846","53.347","55.000","52.190","15.11M","1.01%"
"11/03/2021","53.306","51.640","54.519","49.169","18.32M","3.39%"
"11/02/2021","51.557","50.036","53.364","48.120","21.11M","3.05%"
"11/01/2021","50.030","42.804","51.502","41.741","25.65M","17.08%"
"10/31/2021","42.731","42.723","43.350","41.054","6.76M","0.08%"
"10/30/2021","42.696","44.166","44.357","42.131","42.39M","-3.14%"
"10/29/2021","44.083","41.839","44.440","41.631","9.62M","5.55%"
"10/28/2021","41.763","40.469","43.095","39.900","12.28M","3.39%"
"10/27/2021","40.393","44.800","45.738","40.030","19.01M","-9.98%"
"10/26/2021","44.871","44.550","46.000","43.429","10.31M","0.72%"
"10/25/2021","44.550","42.320","44.787","42.132","95.66M","5.29%"
"10/24/2021","42.311","43.948","44.140","41.344","7.72M","-3.82%"
"10/23/2021","43.990","43.464","44.747","43.090","6.60M","1.13%"
"10/22/2021","43.498","42.843","46.344","42.741","17.11M","1.55%"
"10/21/2021","42.833","44.379","45.500","42.003","16.14M","-3.55%"
"10/20/2021","44.408","41.350","45.181","41.100","14.38M","7.37%"
"10/19/2021","41.360","41.171","41.598","40.095","18.52M","0.39%"
"10/18/2021","41.198","42.087","43.240","40.329","55.29M","-2.16%"
"10/17/2021","42.108","41.682","42.850","39.642","11.21M","1.02%"
"10/16/2021","41.682","43.320","44.720","41.283","14.99M","-3.78%"
"10/15/2021","43.320","40.745","44.188","39.480","23.42M","6.31%"
"10/14/2021","40.750","41.651","42.505","39.430","21.12M","-2.23%"
"10/13/2021","41.677","35.100","43.036","33.650","148.01M","18.58%"
"10/12/2021","35.146","34.118","35.418","32.068","14.51M","3.01%"
"10/11/2021","34.120","34.455","36.100","33.270","12.07M","-0.90%"
"10/10/2021","34.431","36.333","37.410","34.218","13.92M","-5.18%"
"10/09/2021","36.312","33.339","36.900","33.010","13.53M","9.07%"
"10/08/2021","33.291","33.952","34.479","33.080","34.42M","-1.94%"
"10/07/2021","33.950","32.221","35.252","30.980","21.88M","5.33%"
"10/06/2021","32.232","31.416","33.052","29.150","1.15M","2.60%"
"10/05/2021","31.416","31.180","32.133","30.630","545.90K","0.88%"
"10/04/2021","31.143","32.100","32.100","30.100","9.95M","-2.98%"
"10/03/2021","32.100","32.051","32.702","31.320","8.44M","0.15%"
"10/02/2021","32.051","31.979","33.380","31.574","540.92K","0.33%"
"10/01/2021","31.945","28.608","32.319","28.510","15.10M","11.66%"
"09/30/2021","28.608","27.258","28.941","27.123","9.10M","4.88%"
"09/29/2021","27.278","26.303","28.550","26.108","11.06M","3.60%"
"09/28/2021","26.330","27.737","28.362","26.160","10.76M","-4.92%"
"09/27/2021","27.694","28.870","30.230","27.591","12.05M","-4.07%"
"09/26/2021","28.870","29.849","29.990","26.779","20.17M","-3.22%"
"09/25/2021","29.831","30.835","32.180","29.463","14.24M","-3.25%"
"09/24/2021","30.835","33.435","33.500","28.000","1.86M","-7.78%"
"09/23/2021","33.435","31.612","33.575","30.372","15.12M","5.86%"
"09/22/2021","31.583","26.314","31.980","25.937","19.94M","19.83%"
"09/21/2021","26.357","28.251","30.340","25.500","2.58M","-6.71%"
"09/20/2021","28.251","33.829","33.899","26.725","30.86M","-16.46%"
"09/19/2021","33.819","34.879","34.879","33.031","8.36M","-2.99%"
"09/18/2021","34.861","32.972","35.861","32.547","10.80M","5.73%"
"09/17/2021","32.972","35.503","36.930","32.228","15.01M","-7.13%"
"09/16/2021","35.503","36.516","36.949","34.131","14.59M","-2.61%"
"09/15/2021","36.454","37.385","37.970","35.590","12.91M","-2.25%"
"09/14/2021","37.291","34.853","38.740","34.107","25.23M","6.99%"
"09/13/2021","34.853","35.790","37.910","31.640","52.92M","-2.80%"
"09/12/2021","35.856","31.570","36.392","30.699","30.40M","13.60%"
"09/11/2021","31.565","29.175","32.074","28.280","971.61K","8.19%"
"09/10/2021","29.175","29.826","32.629","28.023","1.92M","-2.00%"
"09/09/2021","29.769","27.749","31.855","27.030","22.74M","7.51%"
"09/08/2021","27.690","27.892","28.871","25.277","25.60M","-0.49%"
"09/07/2021","27.825","34.354","35.661","22.280","43.68M","-19.00%"
"09/06/2021","34.354","34.442","35.068","32.500","989.32K","-0.22%"
"09/05/2021","34.431","32.408","34.770","32.026","10.07M","6.33%"
"09/04/2021","32.382","33.609","34.154","32.054","513.89K","-3.60%"
"09/03/2021","33.590","31.819","34.000","31.050","942.32K","5.57%"
"09/02/2021","31.819","33.190","33.190","31.350","952.01K","-4.15%"
"09/01/2021","33.197","31.375","33.840","29.670","1.42M","5.82%"
"08/31/2021","31.370","26.035","31.919","25.668","43.40M","20.49%"
"08/30/2021","26.035","25.720","27.519","24.350","1.26M","1.23%"
"08/29/2021","25.720","25.952","26.450","25.290","6.46M","-0.89%"
"08/28/2021","25.952","26.524","26.739","25.482","8.02M","-2.28%"
"08/27/2021","26.558","23.957","26.751","23.479","13.72M","11.05%"
"08/26/2021","23.915","25.967","26.386","23.501","13.68M","-7.95%"
"08/25/2021","25.981","25.116","26.538","24.550","14.53M","3.44%"
"08/24/2021","25.116","27.860","28.182","24.374","1.22M","-10.00%"
"08/23/2021","27.905","27.709","28.617","27.375","13.26M","0.82%"
"08/22/2021","27.677","27.888","28.509","26.547","13.29M","-0.72%"
"08/21/2021","27.879","28.142","29.327","27.519","16.04M","-0.97%"
"08/20/2021","28.152","26.583","28.475","26.120","19.12M","5.90%"
"08/19/2021","26.583","23.884","26.829","23.483","1.24M","11.19%"
"08/18/2021","23.908","23.540","25.189","22.543","1.48M","1.66%"
"08/17/2021","23.517","24.420","27.384","23.055","30.98M","-3.85%"
"08/16/2021","24.459","23.156","25.673","22.879","24.84M","5.63%"
"08/15/2021","23.155","22.872","23.354","21.859","597.75K","1.24%"
"08/14/2021","22.872","22.743","23.459","21.783","875.25K","0.57%"
"08/13/2021","22.743","20.756","22.758","20.537","1.17M","9.62%"
"08/12/2021","20.747","21.354","22.281","19.913","14.83M","-3.08%"
"08/11/2021","21.407","20.619","22.444","20.561","19.78M","3.82%"
"08/10/2021","20.619","20.584","21.393","20.114","14.43M","0.19%"
"08/09/2021","20.580","19.656","21.250","18.720","13.81M","4.65%"
"08/08/2021","19.665","20.975","21.205","19.204","12.65M","-6.18%"
"08/07/2021","20.961","20.432","21.685","20.033","17.60M","2.79%"
"08/06/2021","20.393","19.136","20.799","18.521","19.03M","6.65%"
"08/05/2021","19.121","19.146","19.450","17.882","18.70M","-0.16%"
"08/04/2021","19.152","17.326","19.563","17.111","18.45M","10.32%"
"08/03/2021","17.360","18.007","18.530","16.842","16.13M","-3.59%"
"08/02/2021","18.006","18.430","18.920","17.564","19.10M","-2.30%"
"08/01/2021","18.430","16.791","19.880","16.569","31.50M","9.76%"
"07/31/2021","16.791","15.806","17.017","15.600","1.31M","6.34%"
"07/30/2021","15.789","15.253","15.839","14.430","13.24M","3.54%"
"07/29/2021","15.250","14.546","15.385","14.278","17.77M","5.00%"
"07/28/2021","14.523","14.366","14.754","13.948","14.17M","0.92%"
"07/27/2021","14.392","13.925","14.531","13.381","1.28M","3.33%"
"07/26/2021","13.928","13.751","15.292","13.643","27.44M","1.30%"
"07/25/2021","13.750","13.388","13.750","13.091","768.13K","0.72%"
"07/24/2021","13.651","13.397","13.735","13.127","14.51M","1.97%"
"07/23/2021","13.387","13.139","13.461","12.335","14.93M","1.89%"
"07/22/2021","13.139","12.329","13.309","11.814","9.10B","6.64%"
"07/21/2021","12.321","10.958","12.834","10.683","22.08M","12.33%"
"07/20/2021","10.969","11.454","15.309","10.378","16.43M","-4.14%"
"07/19/2021","11.443","12.647","12.723","11.370","14.19M","-9.54%"
"07/18/2021","12.650","12.299","12.933","12.289","10.35M","3.02%"
"07/17/2021","12.278","12.019","12.734","11.735","13.29M","2.10%"
"07/16/2021","12.026","13.089","13.308","12.014","732.89K","-8.23%"
"07/15/2021","13.104","13.802","14.104","12.748","12.17M","-5.05%"
"07/14/2021","13.802","14.186","14.219","13.181","11.96M","-2.75%"
"07/13/2021","14.192","14.841","15.096","14.023","7.39M","-4.66%"
"07/12/2021","14.885","15.472","15.643","14.424","7.95M","-3.80%"
"07/11/2021","15.472","15.290","15.697","15.142","5.36M","1.21%"
"07/10/2021","15.287","15.669","15.989","15.045","7.65M","-2.43%"
"07/09/2021","15.669","15.354","15.907","14.869","9.31M","2.05%"
"07/08/2021","15.354","16.873","16.892","15.130","682.61M","-9.00%"
"07/07/2021","16.872","16.122","17.662","16.095","19.58M","4.53%"
"07/06/2021","16.140","15.222","16.166","15.207","13.10M","6.00%"
"07/05/2021","15.226","15.988","15.988","14.845","11.28M","-4.72%"
"07/04/2021","15.980","15.604","16.573","15.604","8.83M","2.41%"
"07/03/2021","15.604","15.300","15.744","15.029","150.95M","1.95%"
"07/02/2021","15.306","15.173","15.429","14.641","8.39M","0.70%"
"07/01/2021","15.200","16.410","16.410","14.862","10.67M","-7.17%"
"06/30/2021","16.375","16.289","16.614","15.107","14.20M","1.00%"
"06/29/2021","16.213","15.771","17.006","15.771","16.06M","2.95%"
"06/28/2021","15.749","14.998","16.014","14.639","50.35M","5.05%"
"06/27/2021","14.992","14.501","15.002","14.038","10.82M","3.35%"
"06/26/2021","14.506","14.445","14.802","13.731","14.64M","0.42%"
"06/25/2021","14.445","16.223","16.731","14.444","16.72M","-10.96%"
"06/24/2021","16.223","15.799","16.574","14.743","15.04M","2.75%"
"06/23/2021","15.788","14.678","16.289","14.678","25.70M","7.89%"
"06/22/2021","14.634","15.706","16.896","13.023","45.53M","-7.29%"
"06/21/2021","15.785","20.608","20.777","15.351","29.86M","-23.40%"
"06/20/2021","20.607","20.244","20.985","18.916","12.04M","1.79%"
"06/19/2021","20.244","21.361","21.616","20.244","8.09M","-5.23%"
"06/18/2021","21.361","22.538","22.552","20.359","11.36M","-5.07%"
"06/17/2021","22.502","23.027","23.980","22.007","11.00M","-2.23%"
"06/16/2021","23.016","23.958","24.537","22.573","14.83M","-3.91%"
"06/15/2021","23.953","25.876","25.971","23.953","18.67M","-7.58%"
"06/14/2021","25.917","22.053","25.996","21.561","25.35M","17.52%"
"06/13/2021","22.053","20.712","22.390","19.954","10.56M","6.47%"
"06/12/2021","20.712","20.948","21.250","19.596","13.55M","-1.15%"
"06/11/2021","20.952","22.673","23.089","20.529","26.28M","-7.38%"
"06/10/2021","22.620","23.213","24.418","22.579","19.53M","-2.45%"
"06/09/2021","23.189","21.648","23.277","20.825","19.27M","6.96%"
"06/08/2021","21.680","21.648","22.012","19.711","24.49M","-0.04%"
"06/07/2021","21.689","24.178","25.280","21.689","1.10M","-10.31%"
"06/06/2021","24.183","23.800","24.454","23.626","8.98M","1.68%"
"06/05/2021","23.783","25.033","26.322","22.973","15.95M","-4.88%"
"06/04/2021","25.002","26.994","26.994","23.686","24.94M","-7.30%"
"06/03/2021","26.971","25.930","27.996","25.760","24.00M","4.05%"
"06/02/2021","25.922","22.822","26.834","22.707","26.30M","13.49%"
"06/01/2021","22.840","23.379","23.500","21.991","19.77M","-1.99%"
"05/31/2021","23.304","20.450","23.304","19.390","1.38M","13.91%"
"05/30/2021","20.459","19.856","21.236","18.973","18.09M","2.93%"
"05/29/2021","19.876","21.373","22.292","18.801","21.87M","-6.86%"
"05/28/2021","21.340","23.994","24.478","20.134","43.26M","-10.90%"
"05/27/2021","23.950","24.561","24.561","21.824","23.68M","-2.23%"
"05/26/2021","24.495","22.161","24.674","22.161","27.83M","10.52%"
"05/25/2021","22.165","23.201","23.712","19.958","36.64M","-4.65%"
"05/24/2021","23.246","17.922","23.246","17.922","2.34M","29.65%"
"05/23/2021","17.930","22.055","22.707","13.702","3.65M","-18.55%"
"05/22/2021","22.013","24.434","24.434","20.471","34.00M","-9.81%"
"05/21/2021","24.407","29.001","30.884","20.037","52.36M","-15.64%"
"05/20/2021","28.931","25.091","31.250","25.091","48.82M","15.70%"
"05/19/2021","25.005","40.642","40.642","25.005","81.71M","-38.43%"
"05/18/2021","40.614","38.654","41.456","38.654","19.91M","4.91%"
"05/17/2021","38.714","42.448","42.448","37.663","24.32M","-8.76%"
"05/16/2021","42.429","43.517","46.636","40.240","20.79M","-2.50%"
"05/15/2021","43.518","47.970","49.743","43.226","2.14M","-9.48%"
"05/14/2021","48.075","40.042","48.075","39.428","2.05M","20.21%"
"05/13/2021","39.992","34.616","41.765","33.065","34.87M","15.94%"
"05/12/2021","34.493","38.750","42.383","33.997","20.55M","-10.99%"
"05/11/2021","38.750","36.536","38.750","35.550","723.82K","6.21%"
"05/10/2021","36.484","40.347","41.822","32.322","16.31M","-9.50%"
"05/09/2021","40.315","39.940","40.513","38.271","10.78M","1.11%"
"05/08/2021","39.872","39.909","40.629","38.802","7.66M","-0.09%"
"05/07/2021","39.909","41.566","42.229","39.909","923.07K","-4.00%"
"05/06/2021","41.570","40.452","41.570","38.131","1.63M","2.73%"
"05/05/2021","40.465","34.734","40.743","34.734","17.27M","12.36%"
"05/04/2021","36.014","37.273","37.694","35.322","14.18M","-3.30%"
"05/03/2021","37.243","36.660","37.880","36.660","9.52M","1.59%"
"05/02/2021","36.659","36.934","37.166","35.601","7.28M","-0.62%"
"05/01/2021","36.889","36.553","37.349","35.869","8.02M","0.96%"
"04/30/2021","36.539","35.978","36.558","35.308","11.88M","1.55%"
"04/29/2021","35.982","34.003","35.982","32.984","9.47M","5.98%"
"04/28/2021","33.950","34.854","34.854","32.897","9.88M","-2.66%"
"04/27/2021","34.880","33.423","34.884","33.423","10.94M","4.42%"
"04/26/2021","33.404","29.857","33.454","29.820","13.86M","12.25%"
"04/25/2021","29.760","29.030","30.342","28.117","8.05M","2.44%"
"04/24/2021","29.050","32.262","32.368","29.050","623.19K","-9.92%"
"04/23/2021","32.250","32.941","32.941","28.216","27.12M","-2.14%"
"04/22/2021","32.956","33.781","35.976","32.814","19.09M","-2.46%"
"04/21/2021","33.789","35.450","35.835","33.058","1.18M","-4.76%"
"04/20/2021","35.477","34.753","35.730","32.689","15.55M","2.08%"
"04/19/2021","34.753","37.414","38.639","34.071","12.76M","-7.00%"
"04/18/2021","37.367","42.186","42.186","36.301","27.96M","-11.42%"
"04/17/2021","42.186","41.448","43.144","41.448","1.04M","1.78%"
"04/16/2021","41.448","43.444","43.444","41.448","905.48K","-4.68%"
"04/15/2021","43.484","42.494","43.800","42.045","722.45K","2.26%"
"04/14/2021","42.523","42.923","43.781","41.140","781.83K","-1.00%"
"04/13/2021","42.952","40.482","42.952","40.482","808.68K","6.10%"
"04/12/2021","40.482","41.296","41.339","40.159","406.88K","-2.00%"
"04/11/2021","41.309","41.587","41.587","40.383","367.66K","-0.67%"
"04/10/2021","41.587","40.780","42.191","40.780","485.89K","1.99%"
"04/09/2021","40.775","41.325","41.325","40.471","351.69K","-1.35%"
"04/08/2021","41.332","39.516","41.332","39.516","463.54K","4.41%"
"04/07/2021","39.585","43.344","43.344","38.709","925.53K","-8.61%"
"04/06/2021","43.314","45.775","45.775","42.955","601.33K","-5.44%"
"04/05/2021","45.807","44.320","45.807","42.342","660.12K","3.42%"
"04/04/2021","44.290","41.353","44.290","41.353","521.92K","7.06%"
"04/03/2021","41.368","40.999","44.810","40.999","1.33M","0.90%"
"04/02/2021","40.999","37.432","40.999","37.432","670.55K","9.51%"
"04/01/2021","37.437","37.058","37.437","36.551","925.87K","1.02%"
"03/31/2021","37.058","33.988","37.179","33.988","1.19M","9.08%"
"03/30/2021","33.973","34.338","34.440","33.722","472.67K","-1.15%"
"03/29/2021","34.368","32.242","34.368","32.242","933.89K","6.59%"
"03/28/2021","32.242","32.604","33.026","31.915","529.06K","-1.24%"
"03/27/2021","32.646","33.194","33.200","32.430","705.39K","-1.65%"
"03/26/2021","33.194","29.853","33.194","29.853","786.60K","11.19%"
"03/25/2021","29.853","30.252","30.741","29.173","1.19M","-1.34%"
"03/24/2021","30.260","34.200","35.186","30.260","1.76M","-11.59%"
"03/23/2021","34.225","35.252","35.252","34.225","788.44K","-2.93%"
"03/22/2021","35.259","36.644","37.474","35.259","536.58K","-3.78%"
"03/21/2021","36.644","37.239","37.360","36.644","457.17K","-1.67%"
"03/20/2021","37.268","38.183","39.287","37.268","798.97K","-2.41%"
"03/19/2021","38.189","35.326","38.189","35.326","886.96K","8.04%"
"03/18/2021","35.348","36.110","36.327","35.348","761.49K","-2.20%"
"03/17/2021","36.144","35.418","36.144","34.958","651.63K","2.05%"
"03/16/2021","35.418","34.315","35.418","32.570","846.21K","3.31%"
"03/15/2021","34.284","36.490","36.490","34.284","811.74K","-6.07%"
"03/14/2021","36.500","37.127","37.396","36.500","587.07K","-1.74%"
"03/13/2021","37.147","35.983","37.843","35.983","987.44K","3.24%"
"03/12/2021","35.983","36.904","36.904","35.850","859.92K","-2.50%"
"03/11/2021","36.904","37.558","37.973","36.904","1.08M","-1.80%"
"03/10/2021","37.582","38.220","39.245","37.582","1.00M","-1.68%"
"03/09/2021","38.222","34.986","38.222","34.986","1.08M","9.22%"
"03/08/2021","34.996","35.104","35.104","34.300","718.97K","-0.32%"
"03/07/2021","35.107","33.372","35.107","33.372","530.89K","5.20%"
"03/06/2021","33.372","33.636","33.636","32.684","579.03K","-0.74%"
"03/05/2021","33.620","35.224","35.224","33.134","1.19M","-4.65%"
"03/04/2021","35.261","37.045","37.112","35.261","860.91K","-4.84%"
"03/03/2021","37.054","36.214","38.356","36.214","995.73K","2.32%"
"03/02/2021","36.214","35.696","36.214","35.484","1.38M","1.45%"
"03/01/2021","35.695","33.842","35.695","33.842","995.97K","5.48%"
"02/28/2021","33.842","33.490","34.614","31.417","1.39M","1.05%"
"02/27/2021","33.490","31.451","34.762","31.451","1.54M","6.48%"
"02/26/2021","31.451","31.176","32.440","30.168","2.19M","0.80%"
"02/25/2021","31.201","33.699","33.699","31.201","1.50M","-7.41%"
"02/24/2021","33.699","34.574","36.726","33.100","1.76M","-2.62%"
"02/23/2021","34.605","37.669","37.669","31.204","3.50M","-8.13%"
"02/22/2021","37.669","39.565","39.565","36.986","2.65M","-4.79%"
"02/21/2021","39.565","39.000","40.282","39.000","788.05K","1.41%"
"02/20/2021","39.017","34.820","39.017","34.820","2.58M","12.05%"
"02/19/2021","34.820","31.053","34.820","31.053","1.52M","12.13%"
"02/18/2021","31.053","32.021","32.275","31.053","916.30K","-3.02%"
"02/17/2021","32.021","30.035","32.021","30.035","1.49M","6.61%"
"02/16/2021","30.035","27.782","30.355","27.782","1.94M","8.11%"
"02/15/2021","27.782","26.951","29.318","26.951","1.64M","3.09%"
"02/14/2021","26.950","27.979","28.368","26.950","1.01M","-3.68%"
"02/13/2021","27.979","28.701","28.893","27.979","1.71M","-2.51%"
"02/12/2021","28.701","25.012","28.701","25.012","1.69M","14.66%"
"02/11/2021","25.031","23.607","25.031","23.607","1.58M","6.03%"
"02/10/2021","23.607","23.109","23.607","22.974","1.62M","2.11%"
"02/09/2021","23.120","23.001","23.120","22.985","1.43M","0.52%"
"02/08/2021","23.001","19.800","23.001","19.412","2.12M","16.17%"
"02/07/2021","19.800","20.398","20.398","19.800","1.52M","-2.93%"
"02/06/2021","20.398","20.863","20.863","20.216","1.14M","-2.26%"
"02/05/2021","20.870","19.719","20.914","19.719","1.87M","5.84%"
"02/04/2021","19.719","20.896","21.074","19.123","1.97M","-5.63%"
"02/03/2021","20.896","17.161","20.896","17.161","2.45M","21.50%"
"02/02/2021","17.198","16.445","17.198","16.291","1.42M","4.58%"
"02/01/2021","16.445","16.124","16.445","15.852","768.48K","1.99%"
"01/31/2021","16.124","16.553","16.700","16.124","933.56K","-2.62%"
"01/30/2021","16.557","16.814","16.814","16.368","778.97K","-1.53%"
"01/29/2021","16.814","16.909","17.357","16.624","1.26M","-0.56%"
"01/28/2021","16.909","15.517","16.969","15.517","1.37M","8.97%"
"01/27/2021","15.517","17.131","17.131","15.517","1.75M","-9.42%"
"01/26/2021","17.131","17.226","17.422","16.382","1.25M","-0.55%"
"01/25/2021","17.226","17.990","18.168","17.226","1.51M","-4.25%"
"01/24/2021","17.990","18.750","18.750","17.478","1.16M","-3.98%"
"01/23/2021","18.735","17.154","18.735","17.154","1.70M","8.80%"
"01/22/2021","17.220","15.938","17.220","15.938","2.35M","8.07%"
"01/21/2021","15.934","17.995","17.995","15.934","2.53M","-11.45%"
"01/20/2021","17.995","16.410","17.995","15.028","2.83M","9.66%"
"01/19/2021","16.410","16.583","17.149","16.410","1.76M","-1.04%"
"01/18/2021","16.583","17.098","17.288","16.053","2.20M","-3.01%"
"01/17/2021","17.098","17.992","17.992","16.910","2.93M","-4.77%"
"01/16/2021","17.954","13.173","17.954","13.173","5.10M","36.08%"
"01/15/2021","13.194","14.503","14.503","13.194","3.69M","-8.84%"
"01/14/2021","14.472","10.939","14.472","10.939","3.87M","32.30%"
"01/13/2021","10.939","8.300","10.939","8.300","3.71M","31.80%"
"01/12/2021","8.300","8.297","8.572","8.190","893.11K","0.03%"
"01/11/2021","8.297","9.309","9.309","7.621","3.12M","-10.87%"
"01/10/2021","9.309","9.783","9.947","9.309","1.37M","-4.77%"
"01/09/2021","9.775","9.316","9.775","9.316","1.15M","4.93%"
"01/08/2021","9.316","9.602","9.694","9.316","2.10M","-3.48%"
"01/07/2021","9.652","10.103","10.276","9.602","3.34M","-4.47%"
"01/06/2021","10.103","9.750","10.103","9.750","1.66M","3.62%"
"01/05/2021","9.750","9.517","9.936","9.220","1.70M","2.44%"
"01/04/2021","9.517","10.159","10.159","9.517","2.55M","-6.31%"
"01/03/2021","10.159","9.220","10.159","9.000","2.86M","10.18%"
"01/02/2021","9.220","8.300","9.673","8.300","3.19M","11.07%"
"01/01/2021","8.301","9.273","9.273","8.247","2.06M","-10.41%"
"12/31/2020","9.265","7.232","9.265","7.232","3.18M","28.11%"
"12/30/2020","7.232","7.549","7.549","7.151","1.62M","-3.81%"
"12/29/2020","7.519","6.581","7.519","6.336","2.41M","14.25%"
"12/28/2020","6.581","5.143","6.581","5.143","2.23M","27.94%"
"12/27/2020","5.143","5.188","5.324","5.110","1.07M","-0.86%"
"12/26/2020","5.188","5.216","5.216","5.158","335.63K","-0.55%"
"12/25/2020","5.216","5.111","5.216","5.101","516.56K","1.60%"
"12/24/2020","5.135","4.723","5.136","4.723","473.90K","8.71%"
"12/23/2020","4.723","5.160","5.160","4.723","391.90K","-8.46%"
"12/22/2020","5.160","4.875","5.160","4.869","491.07K","5.84%"
"12/21/2020","4.875","5.194","5.194","4.875","780.32K","-6.15%"
"12/20/2020","5.194","5.346","5.390","5.120","308.12K","-2.84%"
"12/19/2020","5.346","5.364","5.483","5.346","309.02K","-0.34%"
"12/18/2020","5.364","5.347","5.364","5.261","607.18K","0.32%"
"12/17/2020","5.347","5.373","5.561","5.347","1.09M","-0.49%"
"12/16/2020","5.373","5.249","5.373","5.138","403.99K","2.35%"
"12/15/2020","5.249","4.896","5.249","4.896","370.80K","7.21%"
"12/14/2020","4.896","4.884","4.899","4.850","253.11K","0.26%"
"12/13/2020","4.884","4.734","4.951","4.734","462.57K","3.16%"
"12/12/2020","4.734","4.619","4.784","4.619","170.60K","2.49%"
"12/11/2020","4.619","4.802","4.802","4.619","203.01K","-3.80%"
"12/10/2020","4.802","4.877","4.877","4.778","279.00K","-1.54%"
"12/09/2020","4.877","4.733","4.877","4.725","474.83K","3.04%"
"12/08/2020","4.733","5.058","5.058","4.733","538.48K","-6.42%"
"12/07/2020","5.058","5.133","5.133","5.058","73.63K","-1.46%"
"12/06/2020","5.133","5.187","5.187","5.068","114.99K","-1.05%"
"12/05/2020","5.187","5.021","5.187","5.021","207.80K","3.31%"
"12/04/2020","5.021","5.405","5.431","5.021","406.88K","-7.10%"
"12/03/2020","5.405","5.463","5.463","5.403","271.78K","-1.08%"
"12/02/2020","5.463","5.090","5.463","5.090","357.42K","7.34%"
"12/01/2020","5.090","5.378","5.378","5.090","648.89K","-5.36%"
"11/30/2020","5.378","5.192","5.378","5.192","444.03K","3.57%"
"11/29/2020","5.192","4.903","5.192","4.903","515.85K","5.90%"
"11/28/2020","4.903","4.814","4.903","4.775","334.79K","1.86%"
"11/27/2020","4.814","4.807","4.814","4.750","300.98K","0.18%"
"11/26/2020","4.805","5.310","5.310","4.743","1.37M","-9.51%"
"11/25/2020","5.310","5.739","5.739","5.310","930.41K","-7.48%"
"11/24/2020","5.739","5.917","5.917","5.708","1.36M","-3.01%"
"11/23/2020","5.917","5.520","5.917","5.520","955.56K","7.19%"
"11/22/2020","5.520","5.786","5.786","5.396","690.96K","-4.59%"
"11/21/2020","5.786","5.239","5.786","5.239","738.42K","10.44%"
"11/20/2020","5.239","4.758","5.275","4.758","1.36M","10.10%"
"11/19/2020","4.758","4.690","4.758","4.596","362.46K","1.46%"
"11/18/2020","4.690","4.855","4.855","4.680","487.75K","-3.40%"
"11/17/2020","4.855","4.488","4.855","4.488","1.02M","8.17%"
"11/16/2020","4.488","4.372","4.488","4.372","388.16K","2.65%"
"11/15/2020","4.372","4.471","4.477","4.372","157.59K","-2.22%"
"11/14/2020","4.471","4.546","4.546","4.471","145.44K","-1.64%"
"11/13/2020","4.546","4.410","4.546","4.410","296.24K","3.09%"
"11/12/2020","4.410","4.455","4.455","4.367","379.58K","-1.01%"
"11/11/2020","4.455","4.419","4.495","4.419","502.32K","0.81%"
"11/10/2020","4.419","4.349","4.419","4.349","273.70K","1.60%"
"11/09/2020","4.349","4.375","4.425","4.310","255.24K","-0.58%"
"11/08/2020","4.375","4.240","4.375","4.240","403.80K","3.18%"
"11/07/2020","4.240","4.587","4.587","4.240","795.99K","-7.56%"
"11/06/2020","4.587","4.232","4.587","4.232","461.07K","8.38%"
"11/05/2020","4.232","4.104","4.292","4.027","457.99K","3.12%"
"11/04/2020","4.104","4.029","4.104","3.948","419.38K","1.85%"
"11/03/2020","4.029","4.041","4.041","3.956","441.38K","-0.30%"
"11/02/2020","4.041","4.222","4.226","4.041","383.06K","-4.29%"
"11/01/2020","4.222","4.183","4.222","4.144","110.75K","0.93%"
"10/31/2020","4.183","4.086","4.199","4.086","176.89K","2.37%"
"10/30/2020","4.086","4.057","4.086","4.027","401.78K","0.73%"
"10/29/2020","4.057","4.370","4.370","4.057","495.27K","-7.17%"
"10/28/2020","4.370","4.674","4.726","4.370","371.72K","-6.50%"
"10/27/2020","4.674","4.708","4.841","4.674","610.00K","-0.72%"
"10/26/2020","4.708","4.333","4.708","4.333","678.65K","8.63%"
"10/25/2020","4.333","4.361","4.424","4.333","236.88K","-0.63%"
"10/24/2020","4.361","4.267","4.384","4.267","243.23K","2.19%"
"10/23/2020","4.267","4.270","4.270","4.199","327.77K","-0.06%"
"10/22/2020","4.270","4.143","4.270","4.143","585.04K","3.05%"
"10/21/2020","4.143","3.913","4.143","3.913","503.03K","5.89%"
"10/20/2020","3.913","3.990","4.070","3.913","367.54K","-1.92%"
"10/19/2020","3.990","4.111","4.111","3.990","228.13K","-2.96%"
"10/18/2020","4.111","3.968","4.111","3.968","178.09K","3.61%"
"10/17/2020","3.968","3.915","3.968","3.915","78.77K","1.34%"
"10/16/2020","3.915","4.095","4.095","3.915","377.94K","-4.40%"
"10/15/2020","4.095","4.195","4.195","4.095","233.91K","-2.38%"
"10/14/2020","4.195","4.256","4.264","4.168","449.62K","-1.43%"
"10/13/2020","4.256","4.308","4.315","4.256","324.38K","-1.19%"
"10/12/2020","4.308","4.246","4.373","4.246","585.34K","1.45%"
"10/11/2020","4.246","4.239","4.246","4.208","285.54K","0.16%"
"10/10/2020","4.239","4.263","4.329","4.239","431.44K","-0.56%"
"10/09/2020","4.263","4.121","4.263","4.060","549.52K","3.46%"
"10/08/2020","4.121","3.858","4.121","3.684","600.74K","6.80%"
"10/07/2020","3.858","3.754","3.858","3.754","460.58K","2.79%"
"10/06/2020","3.754","4.165","4.165","3.745","1.06M","-9.87%"
"10/05/2020","4.165","4.180","4.205","4.165","243.64K","-0.36%"
"10/04/2020","4.180","4.068","4.180","4.068","352.30K","2.76%"
"10/03/2020","4.068","4.120","4.120","4.061","173.74K","-1.27%"
"10/02/2020","4.120","4.348","4.348","4.074","777.26K","-5.24%"
"10/01/2020","4.348","4.347","4.528","4.347","589.02K","0.00%"
"09/30/2020","4.347","4.490","4.490","4.340","286.88K","-3.16%"
"09/29/2020","4.490","4.456","4.582","4.431","359.82K","2.13%"
"09/28/2020","4.396","4.295","4.474","4.295","615.87K","2.34%"
"09/27/2020","4.295","4.332","4.332","4.237","274.90K","-0.84%"
"09/26/2020","4.332","4.423","4.423","4.284","364.95K","-2.06%"
"09/25/2020","4.423","4.388","4.423","4.310","617.78K","0.80%"
"09/24/2020","4.388","4.000","4.388","4.000","544.35K","9.70%"
"09/23/2020","4.000","4.170","4.170","4.000","723.78K","-4.08%"
"09/22/2020","4.170","4.055","4.170","3.958","558.67K","2.83%"
"09/21/2020","4.055","4.682","4.682","4.055","1.40M","-13.38%"
"09/20/2020","4.682","4.930","4.930","4.682","509.06K","-5.04%"
"09/19/2020","4.930","5.253","5.253","4.930","462.13K","-6.15%"
"09/18/2020","5.253","5.344","5.344","5.253","503.20K","-1.78%"
"09/17/2020","5.348","5.071","5.396","5.071","662.62K","5.47%"
"09/16/2020","5.071","5.058","5.188","5.058","433.18K","0.25%"
"09/15/2020","5.058","5.366","5.392","5.058","792.78K","-5.73%"
"09/14/2020","5.366","5.315","5.366","5.315","820.10K","0.95%"
"09/13/2020","5.315","5.157","5.439","5.123","786.74K","3.07%"
"09/12/2020","5.157","4.655","5.157","4.510","622.53K","10.77%"
"09/11/2020","4.655","4.583","4.655","4.425","567.80K","1.58%"
"09/10/2020","4.583","4.696","4.715","4.583","799.20K","-2.41%"
"09/09/2020","4.696","4.271","4.780","4.271","787.23K","9.96%"
"09/08/2020","4.271","4.585","4.585","4.167","731.17K","-6.86%"
"09/07/2020","4.585","4.780","4.780","4.050","1.13M","-4.07%"
"09/06/2020","4.780","4.131","4.780","4.131","1.38M","15.71%"
"09/05/2020","4.131","5.124","5.124","4.131","3.05M","-19.38%"
"09/04/2020","5.124","5.724","5.893","5.102","1.66M","-10.49%"
"09/03/2020","5.724","6.127","6.249","5.724","1.23M","-6.58%"
"09/02/2020","6.127","6.257","6.287","5.927","988.58K","-2.07%"
"09/01/2020","6.257","6.290","6.627","6.257","1.02M","-0.53%"
"08/31/2020","6.290","5.898","6.290","5.898","805.93K","6.78%"
"08/30/2020","5.890","6.150","6.150","5.890","830.84K","-4.22%"
"08/29/2020","6.150","6.170","6.291","6.150","803.57K","-0.32%"
"08/28/2020","6.170","5.652","6.206","5.652","1.61M","9.16%"
"08/27/2020","5.652","6.059","6.570","5.652","2.22M","-6.72%"
"08/26/2020","6.059","5.550","6.391","5.550","2.11M","9.18%"
"08/25/2020","5.550","4.595","5.550","4.595","3.02M","20.81%"
"08/24/2020","4.594","3.977","4.730","3.977","1.56M","15.50%"
"08/23/2020","3.977","4.451","4.451","3.915","1.56M","-10.90%"
"08/22/2020","4.464","3.078","4.464","2.970","4.02M","45.05%"
"08/21/2020","3.078","2.909","3.078","2.909","1.07M","5.80%"